annotation_tool	product	gene_name	contig	annotation	e_value	percent_identity	annotation_type	database	interpro_identifier	mag_name	domain	phylum	class	order	family	genus	species	completeness	contamination
blastp	RiPP	MAG_1576_52_1	MAG_1576_52	MULTISPECIES: ParB/Srx family N-terminal domain-containing protein [Sphingomonadaceae]<>MAG: chromosome partitioning protein ParB [Sphingomonas sp. 67-41]<>chromosome partitioning protein ParB [Novosphingobium sp. LASN5T]<>Chromosome partitioning protein ParB [Sphingomonas sp. EC-HK361]	0	100	NA	NA	NA	MAG_1576	Bacteria	Proteobacteria	Alphaproteobacteria	Sphingomonadales	Sphingomonadaceae	Novosphingobium	NA	99.59	1.37
blastp	RiPP	MAG_1576_52_1	MAG_1576_52	ParB/Srx family N-terminal domain-containing protein [Altererythrobacter sp. B11]<>chromosome partitioning protein ParB [Altererythrobacter sp. B11]	0	99.246	NA	NA	NA	MAG_1576	Bacteria	Proteobacteria	Alphaproteobacteria	Sphingomonadales	Sphingomonadaceae	Novosphingobium	NA	99.59	1.37
blastp	RiPP	MAG_1576_52_1	MAG_1576_52	ParB/Srx family N-terminal domain-containing protein [Sphingomonas melonis]<>chromosome partitioning protein ParB [Sphingobium sp.]	0	98.039	NA	NA	NA	MAG_1576	Bacteria	Proteobacteria	Alphaproteobacteria	Sphingomonadales	Sphingomonadaceae	Novosphingobium	NA	99.59	1.37
blastp	RiPP	MAG_1576_52_1	MAG_1576_52	ParB/Srx family N-terminal domain-containing protein [Sphingobium scionense]<>ParB family chromosome partitioning protein [Sphingobium scionense]	0	93.403	NA	NA	NA	MAG_1576	Bacteria	Proteobacteria	Alphaproteobacteria	Sphingomonadales	Sphingomonadaceae	Novosphingobium	NA	99.59	1.37
blastp	RiPP	MAG_1576_52_1	MAG_1576_52	ParB/Srx family N-terminal domain-containing protein [Sphingobium sp.]<>MAG: chromosome partitioning protein ParB [Sphingobium sp.]	0	93.213	NA	NA	NA	MAG_1576	Bacteria	Proteobacteria	Alphaproteobacteria	Sphingomonadales	Sphingomonadaceae	Novosphingobium	NA	99.59	1.37
blastp	RiPP	MAG_1576_52_1	MAG_1576_52	MULTISPECIES: ParB N-terminal domain-containing protein [Sphingobium]<>hypothetical protein RLDS_06715 [Sphingobium lactosutens DS20]<>chromosome partitioning protein ParB [Sphingobium fuliginis ATCC 27551]<>ParB N-terminal domain-containing protein [Sphingobium yanoikuyae]	0	87.632	NA	NA	NA	MAG_1576	Bacteria	Proteobacteria	Alphaproteobacteria	Sphingomonadales	Sphingomonadaceae	Novosphingobium	NA	99.59	1.37
blastp	RiPP	MAG_1576_52_1	MAG_1576_52	MAG: chromosome partitioning protein ParB [Novosphingobium sp. SCN 66-18]	0	83.208	NA	NA	NA	MAG_1576	Bacteria	Proteobacteria	Alphaproteobacteria	Sphingomonadales	Sphingomonadaceae	Novosphingobium	NA	99.59	1.37
blastp	RiPP	MAG_1576_52_1	MAG_1576_52	MULTISPECIES: ParB/RepB/Spo0J family partition protein [unclassified Novosphingobium]<>ParB family chromosome partitioning protein [Novosphingobium sp. BK256]<>ParB family chromosome partitioning protein [Novosphingobium sp. BK280]<>ParB family chromosome partitioning protein [Novosphingobium sp. BK258]<>ParB family chromosome partitioning protein [Novosphingobium sp. BK267]<>ParB family chromosome partitioning protein [Novosphingobium sp. BK352]	0	84.708	NA	NA	NA	MAG_1576	Bacteria	Proteobacteria	Alphaproteobacteria	Sphingomonadales	Sphingomonadaceae	Novosphingobium	NA	99.59	1.37
blastp	RiPP	MAG_1576_52_1	MAG_1576_52	ParB/RepB/Spo0J family partition protein [Sphingobium sp. TCM1]<>chromosome partitioning protein ParB [Sphingobium sp. TCM1]	0	84.012	NA	NA	NA	MAG_1576	Bacteria	Proteobacteria	Alphaproteobacteria	Sphingomonadales	Sphingomonadaceae	Novosphingobium	NA	99.59	1.37
blastp	RiPP	MAG_1576_52_1	MAG_1576_52	ParB/RepB/Spo0J family partition protein [Sphingopyxis fribergensis]<>chromosome partitioning protein, ParB family [Sphingopyxis fribergensis]<>ParB/RepB/Spo0J family partition protein [Sphingobium sp. H39-3-25]	0	83.258	NA	NA	NA	MAG_1576	Bacteria	Proteobacteria	Alphaproteobacteria	Sphingomonadales	Sphingomonadaceae	Novosphingobium	NA	99.59	1.37
blastp	RiPP	MAG_1576_52_1	MAG_1576_52	chromosome partitioning protein ParB [Sphingomonas panacis]	0	84.501	NA	NA	NA	MAG_1576	Bacteria	Proteobacteria	Alphaproteobacteria	Sphingomonadales	Sphingomonadaceae	Novosphingobium	NA	99.59	1.37
blastp	RiPP	MAG_1576_52_1	MAG_1576_52	MAG: chromosome partitioning protein ParB [Sphingomonas sp.]	0	83.107	NA	NA	NA	MAG_1576	Bacteria	Proteobacteria	Alphaproteobacteria	Sphingomonadales	Sphingomonadaceae	Novosphingobium	NA	99.59	1.37
interproscan	RiPP	MAG_1576_52_1	MAG_1576_52	CHROMOSOME-PARTITIONING PROTEIN PARB-RELATED	1.1e-35	NA	db_anno	PANTHER	-	MAG_1576	Bacteria	Proteobacteria	Alphaproteobacteria	Sphingomonadales	Sphingomonadaceae	Novosphingobium	NA	99.59	1.37
kofamscan	RiPP	MAG_1576_52_1	MAG_1576_52	ParB family transcriptional regulator, chromosome partitioning protein	1.1e-29	NA	NA	NA	NA	MAG_1576	Bacteria	Proteobacteria	Alphaproteobacteria	Sphingomonadales	Sphingomonadaceae	Novosphingobium	NA	99.59	1.37
dram	RiPP	MAG_1576_52_1	MAG_1576_52	ParB family transcriptional regulator, chromosome partitioning protein	NA	NA	kegg_hit	NA	NA	MAG_1576	Bacteria	Proteobacteria	Alphaproteobacteria	Sphingomonadales	Sphingomonadaceae	Novosphingobium	NA	99.59	1.37
blastp	RiPP	MAG_1576_52_16	MAG_1576_52	MULTISPECIES: type IV conjugative transfer system protein TraL [Sphingomonadaceae]<>MAG: hypothetical protein BGP17_15820 [Sphingomonas sp. 67-41]<>hypothetical protein EH199_16960 [Novosphingobium sp. LASN5T]<>conserved hypothetical protein [Sphingomonas sp. EC-HK361]	8.659999999999999e-56	100	NA	NA	NA	MAG_1576	Bacteria	Proteobacteria	Alphaproteobacteria	Sphingomonadales	Sphingomonadaceae	Novosphingobium	NA	99.59	1.37
blastp	RiPP	MAG_1576_52_17	MAG_1576_52	MULTISPECIES: TraE/TraK family type IV conjugative transfer system protein [Sphingomonadaceae]<>MAG: conjugal transfer protein [Sphingomonas sp. 67-41]<>conjugal transfer protein [Novosphingobium sp. LASN5T]<>Conjugal transfer protein [Sphingomonas sp. EC-HK361]	2.1599999999999997e-152	100	NA	NA	NA	MAG_1576	Bacteria	Proteobacteria	Alphaproteobacteria	Sphingomonadales	Sphingomonadaceae	Novosphingobium	NA	99.59	1.37
interproscan	RiPP	MAG_1576_52_17	MAG_1576_52	Pilus assembly TraE	2.1e-24	NA	interpro_anno	Pfam	IPR007973	MAG_1576	Bacteria	Proteobacteria	Alphaproteobacteria	Sphingomonadales	Sphingomonadaceae	Novosphingobium	NA	99.59	1.37
kofamscan	RiPP	MAG_1576_52_17	MAG_1576_52	conjugal transfer pilus assembly protein TraE	1.2999999999999999e-46	NA	NA	NA	NA	MAG_1576	Bacteria	Proteobacteria	Alphaproteobacteria	Sphingomonadales	Sphingomonadaceae	Novosphingobium	NA	99.59	1.37
blastp	RiPP	MAG_1576_52_18	MAG_1576_52	type-F conjugative transfer system secretin TraK [Sphingobium phenoxybenzoativorans]<>MAG: hypothetical protein BGP17_15830 [Sphingomonas sp. 67-41]<>hypothetical protein EH199_16970 [Novosphingobium sp. LASN5T]<>conserved exported hypothetical protein [Sphingomonas sp. EC-HK361]	0	100	NA	NA	NA	MAG_1576	Bacteria	Proteobacteria	Alphaproteobacteria	Sphingomonadales	Sphingomonadaceae	Novosphingobium	NA	99.59	1.37
interproscan	RiPP	MAG_1576_52_18	MAG_1576_52	Pilus assembly TraK	9.6e-62	NA	interpro_anno	Pfam	IPR010563	MAG_1576	Bacteria	Proteobacteria	Alphaproteobacteria	Sphingomonadales	Sphingomonadaceae	Novosphingobium	NA	99.59	1.37
kofamscan	RiPP	MAG_1576_52_18	MAG_1576_52	conjugal transfer pilus assembly protein TraK	8.399999999999999e-47	NA	NA	NA	NA	MAG_1576	Bacteria	Proteobacteria	Alphaproteobacteria	Sphingomonadales	Sphingomonadaceae	Novosphingobium	NA	99.59	1.37
blastp	RiPP	MAG_1576_52_19	MAG_1576_52	MULTISPECIES: TraB/VirB10 family protein [Sphingomonadaceae]<>MAG: conjugal transfer protein TraB [Sphingomonas sp. 67-41]<>conjugal transfer protein TraB [Novosphingobium sp. LASN5T]<>Conjugal transfer protein TraB [Sphingomonas sp. EC-HK361]	0	100	NA	NA	NA	MAG_1576	Bacteria	Proteobacteria	Alphaproteobacteria	Sphingomonadales	Sphingomonadaceae	Novosphingobium	NA	99.59	1.37
blastp	RiPP	MAG_1576_52_19	MAG_1576_52	TraB/VirB10 family protein [Sphingomonas panacis]<>conjugal transfer protein TraB [Sphingomonas panacis]	0	94.931	NA	NA	NA	MAG_1576	Bacteria	Proteobacteria	Alphaproteobacteria	Sphingomonadales	Sphingomonadaceae	Novosphingobium	NA	99.59	1.37
blastp	RiPP	MAG_1576_52_19	MAG_1576_52	TraB/VirB10 family protein [Sphingomonas sanxanigenens]	0	91.475	NA	NA	NA	MAG_1576	Bacteria	Proteobacteria	Alphaproteobacteria	Sphingomonadales	Sphingomonadaceae	Novosphingobium	NA	99.59	1.37
blastp	RiPP	MAG_1576_52_19	MAG_1576_52	MULTISPECIES: TraB/VirB10 family protein [unclassified Novosphingobium]<>conjugal transfer pilus assembly protein TraB [Novosphingobium sp. BK256]<>conjugal transfer pilus assembly protein TraB [Novosphingobium sp. BK280]<>conjugal transfer pilus assembly protein TraB [Novosphingobium sp. BK258]<>conjugal transfer pilus assembly protein TraB [Novosphingobium sp. BK267]<>conjugal transfer pilus assembly protein TraB [Novosphingobium sp. BK352]	0	93.548	NA	NA	NA	MAG_1576	Bacteria	Proteobacteria	Alphaproteobacteria	Sphingomonadales	Sphingomonadaceae	Novosphingobium	NA	99.59	1.37
blastp	RiPP	MAG_1576_52_19	MAG_1576_52	MULTISPECIES: TraB/VirB10 family protein [Sphingobium]<>conjugal transfer protein TraB [Sphingobium fuliginis ATCC 27551]<>TraB/VirB10 family protein [Sphingobium yanoikuyae]	0	89.862	NA	NA	NA	MAG_1576	Bacteria	Proteobacteria	Alphaproteobacteria	Sphingomonadales	Sphingomonadaceae	Novosphingobium	NA	99.59	1.37
blastp	RiPP	MAG_1576_52_19	MAG_1576_52	MAG: conjugal transfer protein TraB [Novosphingobium sp. SCN 66-18]	0	90.092	NA	NA	NA	MAG_1576	Bacteria	Proteobacteria	Alphaproteobacteria	Sphingomonadales	Sphingomonadaceae	Novosphingobium	NA	99.59	1.37
blastp	RiPP	MAG_1576_52_19	MAG_1576_52	TraB/VirB10 family protein [Blastomonas sp. CCH13-E1]	0	88.94	NA	NA	NA	MAG_1576	Bacteria	Proteobacteria	Alphaproteobacteria	Sphingomonadales	Sphingomonadaceae	Novosphingobium	NA	99.59	1.37
blastp	RiPP	MAG_1576_52_19	MAG_1576_52	TraB/VirB10 family protein [Novosphingobium sp. LASN5T]<>conjugal transfer protein TraB [Novosphingobium sp. LASN5T]	0	90.092	NA	NA	NA	MAG_1576	Bacteria	Proteobacteria	Alphaproteobacteria	Sphingomonadales	Sphingomonadaceae	Novosphingobium	NA	99.59	1.37
blastp	RiPP	MAG_1576_52_19	MAG_1576_52	MULTISPECIES: TraB/VirB10 family protein [unclassified Novosphingobium]<>conjugal transfer pilus assembly protein TraB [Novosphingobium sp. SG919]<>conjugal transfer pilus assembly protein TraB [Novosphingobium sp. SG916]	0	89.401	NA	NA	NA	MAG_1576	Bacteria	Proteobacteria	Alphaproteobacteria	Sphingomonadales	Sphingomonadaceae	Novosphingobium	NA	99.59	1.37
blastp	RiPP	MAG_1576_52_19	MAG_1576_52	TraB/VirB10 family protein [Sphingopyxis fribergensis]<>conjugal transfer protein TraB [Sphingopyxis fribergensis]	0	89.171	NA	NA	NA	MAG_1576	Bacteria	Proteobacteria	Alphaproteobacteria	Sphingomonadales	Sphingomonadaceae	Novosphingobium	NA	99.59	1.37
blastp	RiPP	MAG_1576_52_19	MAG_1576_52	TraB/VirB10 family protein [Sphingomonas melonis]<>conjugal transfer protein TraB [Sphingobium sp.]	0	88.71	NA	NA	NA	MAG_1576	Bacteria	Proteobacteria	Alphaproteobacteria	Sphingomonadales	Sphingomonadaceae	Novosphingobium	NA	99.59	1.37
blastp	RiPP	MAG_1576_52_19	MAG_1576_52	TraB/VirB10 family protein [Altererythrobacter sp. B11]<>conjugal transfer protein TraB [Altererythrobacter sp. B11]	0	88.479	NA	NA	NA	MAG_1576	Bacteria	Proteobacteria	Alphaproteobacteria	Sphingomonadales	Sphingomonadaceae	Novosphingobium	NA	99.59	1.37
blastp	RiPP	MAG_1576_52_19	MAG_1576_52	TraB/VirB10 family protein [Sphingomonas sp. BE270]<>conjugal transfer pilus assembly protein TraB [Sphingomonas sp. BE270]	0	88.249	NA	NA	NA	MAG_1576	Bacteria	Proteobacteria	Alphaproteobacteria	Sphingomonadales	Sphingomonadaceae	Novosphingobium	NA	99.59	1.37
blastp	RiPP	MAG_1576_52_19	MAG_1576_52	TraB/VirB10 family protein [Sphingobium yanoikuyae]<>TraB/VirB10 family protein [Sphingobium yanoikuyae]	0	86.207	NA	NA	NA	MAG_1576	Bacteria	Proteobacteria	Alphaproteobacteria	Sphingomonadales	Sphingomonadaceae	Novosphingobium	NA	99.59	1.37
blastp	RiPP	MAG_1576_52_19	MAG_1576_52	TraB/VirB10 family protein [Sphingobium sp. CCH11-B1]	0	85.747	NA	NA	NA	MAG_1576	Bacteria	Proteobacteria	Alphaproteobacteria	Sphingomonadales	Sphingomonadaceae	Novosphingobium	NA	99.59	1.37
blastp	RiPP	MAG_1576_52_19	MAG_1576_52	TraB/VirB10 family protein [Novosphingobium sp. CF614]<>conjugal transfer pilus assembly protein TraB [Novosphingobium sp. CF614]	0	86.175	NA	NA	NA	MAG_1576	Bacteria	Proteobacteria	Alphaproteobacteria	Sphingomonadales	Sphingomonadaceae	Novosphingobium	NA	99.59	1.37
blastp	RiPP	MAG_1576_52_19	MAG_1576_52	TraB/VirB10 family protein [Novosphingobium aquimarinum]	0	87.844	NA	NA	NA	MAG_1576	Bacteria	Proteobacteria	Alphaproteobacteria	Sphingomonadales	Sphingomonadaceae	Novosphingobium	NA	99.59	1.37
blastp	RiPP	MAG_1576_52_19	MAG_1576_52	MULTISPECIES: TraB/VirB10 family protein [unclassified Sphingobium]<>conjugal transfer protein TraB [Sphingobium sp.]	0	88.479	NA	NA	NA	MAG_1576	Bacteria	Proteobacteria	Alphaproteobacteria	Sphingomonadales	Sphingomonadaceae	Novosphingobium	NA	99.59	1.37
blastp	RiPP	MAG_1576_52_19	MAG_1576_52	TraB/VirB10 family protein [Sphingomonas sp. H39-1-10]<>TraB/VirB10 family protein [Sphingomonas sp. H39-1-10]	0	88.018	NA	NA	NA	MAG_1576	Bacteria	Proteobacteria	Alphaproteobacteria	Sphingomonadales	Sphingomonadaceae	Novosphingobium	NA	99.59	1.37
interproscan	RiPP	MAG_1576_52_19	MAG_1576_52	Bacterial conjugation TrbI-like protein	1.4000000000000002e-23	NA	db_anno	Pfam	IPR005498	MAG_1576	Bacteria	Proteobacteria	Alphaproteobacteria	Sphingomonadales	Sphingomonadaceae	Novosphingobium	NA	99.59	1.37
interproscan	RiPP	MAG_1576_52_19	MAG_1576_52	Type IV secretion system, VirB10 / TraB / TrbI	1.4000000000000002e-23	NA	interpro_anno	Pfam	IPR005498	MAG_1576	Bacteria	Proteobacteria	Alphaproteobacteria	Sphingomonadales	Sphingomonadaceae	Novosphingobium	NA	99.59	1.37
kofamscan	RiPP	MAG_1576_52_19	MAG_1576_52	conjugal transfer pilus assembly protein TraB	3.399999999999999e-113	NA	NA	NA	NA	MAG_1576	Bacteria	Proteobacteria	Alphaproteobacteria	Sphingomonadales	Sphingomonadaceae	Novosphingobium	NA	99.59	1.37
dram	RiPP	MAG_1576_52_19	MAG_1576_52	conjugal transfer pilus assembly protein TraE	NA	NA	kegg_hit	NA	NA	MAG_1576	Bacteria	Proteobacteria	Alphaproteobacteria	Sphingomonadales	Sphingomonadaceae	Novosphingobium	NA	99.59	1.37
blastp	RiPP	MAG_1576_52_20	MAG_1576_52	MULTISPECIES: TraV family lipoprotein [Sphingomonadaceae]<>MAG: conjugal transfer protein TraV [Sphingomonas sp. 67-41]<>conjugal transfer protein TraV [Novosphingobium sp. LASN5T]<>Conjugal transfer protein TraV [Sphingomonas sp. EC-HK361]<>conjugal transfer protein TraV [Brevundimonas sp.]	1.2099999999999998e-157	100	NA	NA	NA	MAG_1576	Bacteria	Proteobacteria	Alphaproteobacteria	Sphingomonadales	Sphingomonadaceae	Novosphingobium	NA	99.59	1.37
interproscan	RiPP	MAG_1576_52_20	MAG_1576_52	Type IV conjugative transfer system lipoprotein (TraV)	1.5999999999999998e-32	NA	db_anno	Pfam	IPR014118	MAG_1576	Bacteria	Proteobacteria	Alphaproteobacteria	Sphingomonadales	Sphingomonadaceae	Novosphingobium	NA	99.59	1.37
interproscan	RiPP	MAG_1576_52_20	MAG_1576_52	Type IV conjugative transfer system protein TraV	1.5999999999999998e-32	NA	interpro_anno	Pfam	IPR014118	MAG_1576	Bacteria	Proteobacteria	Alphaproteobacteria	Sphingomonadales	Sphingomonadaceae	Novosphingobium	NA	99.59	1.37
kofamscan	RiPP	MAG_1576_52_20	MAG_1576_52	conjugal transfer pilus assembly protein TraV	3.1999999999999995e-36	NA	NA	NA	NA	MAG_1576	Bacteria	Proteobacteria	Alphaproteobacteria	Sphingomonadales	Sphingomonadaceae	Novosphingobium	NA	99.59	1.37
dram	RiPP	MAG_1576_52_20	MAG_1576_52	conjugal transfer pilus assembly protein TraK	NA	NA	kegg_hit	NA	NA	MAG_1576	Bacteria	Proteobacteria	Alphaproteobacteria	Sphingomonadales	Sphingomonadaceae	Novosphingobium	NA	99.59	1.37
blastp	RiPP	MAG_1576_52_21	MAG_1576_52	MULTISPECIES: TraC family protein [Sphingomonadaceae]<>MAG: conjugal transfer protein [Sphingomonas sp. 67-41]<>Conjugal transfer protein [Sphingomonas sp. EC-HK361]	0	100	NA	NA	NA	MAG_1576	Bacteria	Proteobacteria	Alphaproteobacteria	Sphingomonadales	Sphingomonadaceae	Novosphingobium	NA	99.59	1.37
blastp	RiPP	MAG_1576_52_21	MAG_1576_52	TraC family protein [Novosphingobium sp. LASN5T]<>conjugal transfer protein [Novosphingobium sp. LASN5T]	0	99.88	NA	NA	NA	MAG_1576	Bacteria	Proteobacteria	Alphaproteobacteria	Sphingomonadales	Sphingomonadaceae	Novosphingobium	NA	99.59	1.37
blastp	RiPP	MAG_1576_52_21	MAG_1576_52	TraC family protein [Sphingomonas sanxanigenens]<>sex pilus assembly protein [Sphingomonas sanxanigenens DSM 19645 = NX02]	0	97.705	NA	NA	NA	MAG_1576	Bacteria	Proteobacteria	Alphaproteobacteria	Sphingomonadales	Sphingomonadaceae	Novosphingobium	NA	99.59	1.37
blastp	RiPP	MAG_1576_52_21	MAG_1576_52	TraC family protein [Sphingomonas sp.]<>MAG: conjugal transfer protein [Sphingomonas sp.]	0	97.585	NA	NA	NA	MAG_1576	Bacteria	Proteobacteria	Alphaproteobacteria	Sphingomonadales	Sphingomonadaceae	Novosphingobium	NA	99.59	1.37
blastp	RiPP	MAG_1576_52_21	MAG_1576_52	MAG: conjugal transfer protein [Novosphingobium sp. SCN 66-18]	0	97.108	NA	NA	NA	MAG_1576	Bacteria	Proteobacteria	Alphaproteobacteria	Sphingomonadales	Sphingomonadaceae	Novosphingobium	NA	99.59	1.37
blastp	RiPP	MAG_1576_52_21	MAG_1576_52	TraC family protein [Sphingomonas panacis]<>conjugal transfer protein [Sphingomonas panacis]	0	97.108	NA	NA	NA	MAG_1576	Bacteria	Proteobacteria	Alphaproteobacteria	Sphingomonadales	Sphingomonadaceae	Novosphingobium	NA	99.59	1.37
blastp	RiPP	MAG_1576_52_21	MAG_1576_52	MULTISPECIES: TraC family protein [unclassified Novosphingobium]<>conjugal transfer ATP-binding protein TraC [Novosphingobium sp. BK256]<>conjugal transfer ATP-binding protein TraC [Novosphingobium sp. BK280]<>conjugal transfer ATP-binding protein TraC [Novosphingobium sp. BK258]<>conjugal transfer ATP-binding protein TraC [Novosphingobium sp. BK267]<>conjugal transfer ATP-binding protein TraC [Novosphingobium sp. BK352]	0	96.867	NA	NA	NA	MAG_1576	Bacteria	Proteobacteria	Alphaproteobacteria	Sphingomonadales	Sphingomonadaceae	Novosphingobium	NA	99.59	1.37
blastp	RiPP	MAG_1576_52_21	MAG_1576_52	MULTISPECIES: TraC family protein [Sphingobium]<>sex pilus assembly protein [Sphingobium lactosutens DS20]<>conjugal transfer protein [Sphingobium fuliginis ATCC 27551]<>TraC family protein [Sphingobium yanoikuyae]	0	97.108	NA	NA	NA	MAG_1576	Bacteria	Proteobacteria	Alphaproteobacteria	Sphingomonadales	Sphingomonadaceae	Novosphingobium	NA	99.59	1.37
blastp	RiPP	MAG_1576_52_21	MAG_1576_52	MULTISPECIES: TraC family protein [unclassified Novosphingobium]<>conjugal transfer ATP-binding protein TraC [Novosphingobium sp. SG919]<>conjugal transfer ATP-binding protein TraC [Novosphingobium sp. SG916]	0	96.867	NA	NA	NA	MAG_1576	Bacteria	Proteobacteria	Alphaproteobacteria	Sphingomonadales	Sphingomonadaceae	Novosphingobium	NA	99.59	1.37
blastp	RiPP	MAG_1576_52_21	MAG_1576_52	TraC family protein [Novosphingobium sp. LASN5T]<>conjugal transfer protein [Novosphingobium sp. LASN5T]	0	96.988	NA	NA	NA	MAG_1576	Bacteria	Proteobacteria	Alphaproteobacteria	Sphingomonadales	Sphingomonadaceae	Novosphingobium	NA	99.59	1.37
blastp	RiPP	MAG_1576_52_21	MAG_1576_52	TraC family protein [Novosphingobium sp. CF614]<>conjugal transfer ATP-binding protein TraC [Novosphingobium sp. CF614]	0	96.386	NA	NA	NA	MAG_1576	Bacteria	Proteobacteria	Alphaproteobacteria	Sphingomonadales	Sphingomonadaceae	Novosphingobium	NA	99.59	1.37
blastp	RiPP	MAG_1576_52_21	MAG_1576_52	MULTISPECIES: TraC family protein [unclassified Sphingobium]<>conjugal transfer protein [Sphingobium sp.]	0	96.265	NA	NA	NA	MAG_1576	Bacteria	Proteobacteria	Alphaproteobacteria	Sphingomonadales	Sphingomonadaceae	Novosphingobium	NA	99.59	1.37
blastp	RiPP	MAG_1576_52_21	MAG_1576_52	TraC family protein [Altererythrobacter sp. B11]<>conjugal transfer protein [Altererythrobacter sp. B11]	0	96.024	NA	NA	NA	MAG_1576	Bacteria	Proteobacteria	Alphaproteobacteria	Sphingomonadales	Sphingomonadaceae	Novosphingobium	NA	99.59	1.37
blastp	RiPP	MAG_1576_52_21	MAG_1576_52	TraC family protein [Sphingobium sp. TCM1]<>conjugal transfer protein [Sphingobium sp. TCM1]	0	95.783	NA	NA	NA	MAG_1576	Bacteria	Proteobacteria	Alphaproteobacteria	Sphingomonadales	Sphingomonadaceae	Novosphingobium	NA	99.59	1.37
blastp	RiPP	MAG_1576_52_21	MAG_1576_52	TraC family protein [Sphingobium sp.]<>MAG: conjugal transfer protein [Sphingobium sp.]	0	95.904	NA	NA	NA	MAG_1576	Bacteria	Proteobacteria	Alphaproteobacteria	Sphingomonadales	Sphingomonadaceae	Novosphingobium	NA	99.59	1.37
interproscan	RiPP	MAG_1576_52_21	MAG_1576_52	Type-IV secretion system protein TraC/Conjugative transfer ATPase	1.3e-41	NA	interpro_anno	Pfam	IPR025955	MAG_1576	Bacteria	Proteobacteria	Alphaproteobacteria	Sphingomonadales	Sphingomonadaceae	Novosphingobium	NA	99.59	1.37
interproscan	RiPP	MAG_1576_52_21	MAG_1576_52	TraG P-loop domain	6.2000000000000004e-34	NA	db_anno	Pfam	IPR043964	MAG_1576	Bacteria	Proteobacteria	Alphaproteobacteria	Sphingomonadales	Sphingomonadaceae	Novosphingobium	NA	99.59	1.37
interproscan	RiPP	MAG_1576_52_21	MAG_1576_52	TraG, P-loop domain	6.2000000000000004e-34	NA	interpro_anno	Pfam	IPR043964	MAG_1576	Bacteria	Proteobacteria	Alphaproteobacteria	Sphingomonadales	Sphingomonadaceae	Novosphingobium	NA	99.59	1.37
kofamscan	RiPP	MAG_1576_52_21	MAG_1576_52	conjugal transfer ATP-binding protein TraC	2.599999999999999e-226	NA	NA	NA	NA	MAG_1576	Bacteria	Proteobacteria	Alphaproteobacteria	Sphingomonadales	Sphingomonadaceae	Novosphingobium	NA	99.59	1.37
dram	RiPP	MAG_1576_52_21	MAG_1576_52	conjugal transfer pilus assembly protein TraB	NA	NA	kegg_hit	NA	NA	MAG_1576	Bacteria	Proteobacteria	Alphaproteobacteria	Sphingomonadales	Sphingomonadaceae	Novosphingobium	NA	99.59	1.37
dram	RiPP	MAG_1576_52_22	MAG_1576_52	conjugal transfer pilus assembly protein TraV	NA	NA	kegg_hit	NA	NA	MAG_1576	Bacteria	Proteobacteria	Alphaproteobacteria	Sphingomonadales	Sphingomonadaceae	Novosphingobium	NA	99.59	1.37
dram	RiPP	MAG_1576_52_22	MAG_1576_52	Type IV conjugative transfer system lipoprotein (TraV) [PF09676.13]	NA	NA	pfam_hits	NA	NA	MAG_1576	Bacteria	Proteobacteria	Alphaproteobacteria	Sphingomonadales	Sphingomonadaceae	Novosphingobium	NA	99.59	1.37
dram	RiPP	MAG_1576_52_23	MAG_1576_52	conjugal transfer ATP-binding protein TraC	NA	NA	kegg_hit	NA	NA	MAG_1576	Bacteria	Proteobacteria	Alphaproteobacteria	Sphingomonadales	Sphingomonadaceae	Novosphingobium	NA	99.59	1.37
dram	RiPP	MAG_1576_52_23	MAG_1576_52	TraG P-loop domain [PF19044.3]; TraC protein [PF11130.11]; AAA-like domain [PF12846.10]; Family of unknown function (DUF5934) [PF19357.2]; Type IV secretion-system coupling protein DNA-binding domain [PF10412.12]	NA	NA	pfam_hits	NA	NA	MAG_1576	Bacteria	Proteobacteria	Alphaproteobacteria	Sphingomonadales	Sphingomonadaceae	Novosphingobium	NA	99.59	1.37
blastp	RiPP	MAG_1576_52_24	MAG_1576_52	MULTISPECIES: conjugal transfer protein TraW [Sphingomonadaceae]<>MAG: conjugal transfer protein TraW [Sphingomonas sp. 67-41]<>conjugal transfer protein TraW [Novosphingobium sp. LASN5T]<>Conjugal transfer protein TraW [Sphingomonas sp. EC-HK361]	3.8199999999999994e-161	100	NA	NA	NA	MAG_1576	Bacteria	Proteobacteria	Alphaproteobacteria	Sphingomonadales	Sphingomonadaceae	Novosphingobium	NA	99.59	1.37
kofamscan	RiPP	MAG_1576_52_24	MAG_1576_52	conjugal transfer pilus assembly protein TraW	1.2e-55	NA	NA	NA	NA	MAG_1576	Bacteria	Proteobacteria	Alphaproteobacteria	Sphingomonadales	Sphingomonadaceae	Novosphingobium	NA	99.59	1.37
blastp	RiPP	MAG_1576_52_25	MAG_1576_52	MULTISPECIES: TraU family protein [Sphingomonadaceae]<>MAG: conjugal transfer protein [Sphingomonas sp. 67-41]<>conjugal transfer protein [Novosphingobium sp. LASN5T]<>Conjugal transfer protein [Sphingomonas sp. EC-HK361]	0	100	NA	NA	NA	MAG_1576	Bacteria	Proteobacteria	Alphaproteobacteria	Sphingomonadales	Sphingomonadaceae	Novosphingobium	NA	99.59	1.37
blastp	RiPP	MAG_1576_52_25	MAG_1576_52	TraU family protein [Sphingobium yanoikuyae]<>TraU family protein [Sphingobium yanoikuyae]	0	98.225	NA	NA	NA	MAG_1576	Bacteria	Proteobacteria	Alphaproteobacteria	Sphingomonadales	Sphingomonadaceae	Novosphingobium	NA	99.59	1.37
blastp	RiPP	MAG_1576_52_25	MAG_1576_52	MULTISPECIES: TraU family protein [Sphingobium]<>TraU family protein [Sphingobium yanoikuyae]	0	97.633	NA	NA	NA	MAG_1576	Bacteria	Proteobacteria	Alphaproteobacteria	Sphingomonadales	Sphingomonadaceae	Novosphingobium	NA	99.59	1.37
blastp	RiPP	MAG_1576_52_25	MAG_1576_52	TraU family protein [Sphingomonas melonis]<>conjugal transfer protein [Sphingobium sp.]	0	97.633	NA	NA	NA	MAG_1576	Bacteria	Proteobacteria	Alphaproteobacteria	Sphingomonadales	Sphingomonadaceae	Novosphingobium	NA	99.59	1.37
blastp	RiPP	MAG_1576_52_25	MAG_1576_52	TraU family protein [Sphingobium estronivorans]	0	97.633	NA	NA	NA	MAG_1576	Bacteria	Proteobacteria	Alphaproteobacteria	Sphingomonadales	Sphingomonadaceae	Novosphingobium	NA	99.59	1.37
blastp	RiPP	MAG_1576_52_25	MAG_1576_52	MULTISPECIES: TraU family protein [Sphingomonadaceae]<>conjugal DNA transfer protein [Sphingomonas sp. MM-1]<>TraU family protein [Sphingopyxis indica]	0	97.337	NA	NA	NA	MAG_1576	Bacteria	Proteobacteria	Alphaproteobacteria	Sphingomonadales	Sphingomonadaceae	Novosphingobium	NA	99.59	1.37
blastp	RiPP	MAG_1576_52_25	MAG_1576_52	TraU family protein [Altererythrobacter sp. B11]<>conjugal transfer protein [Altererythrobacter sp. B11]	0	97.337	NA	NA	NA	MAG_1576	Bacteria	Proteobacteria	Alphaproteobacteria	Sphingomonadales	Sphingomonadaceae	Novosphingobium	NA	99.59	1.37
blastp	RiPP	MAG_1576_52_25	MAG_1576_52	MULTISPECIES: TraU family protein [unclassified Novosphingobium]<>conjugal transfer pilus assembly protein TraU [Novosphingobium sp. SG919]<>conjugal transfer pilus assembly protein TraU [Novosphingobium sp. SG916]	0	97.633	NA	NA	NA	MAG_1576	Bacteria	Proteobacteria	Alphaproteobacteria	Sphingomonadales	Sphingomonadaceae	Novosphingobium	NA	99.59	1.37
blastp	RiPP	MAG_1576_52_25	MAG_1576_52	conjugal transfer protein [Sphingomonas sanxanigenens DSM 19645 = NX02]	0	97.633	NA	NA	NA	MAG_1576	Bacteria	Proteobacteria	Alphaproteobacteria	Sphingomonadales	Sphingomonadaceae	Novosphingobium	NA	99.59	1.37
blastp	RiPP	MAG_1576_52_25	MAG_1576_52	TraU family protein [Sphingomonas sp. BE270]<>conjugal transfer pilus assembly protein TraU [Sphingomonas sp. BE270]	0	97.337	NA	NA	NA	MAG_1576	Bacteria	Proteobacteria	Alphaproteobacteria	Sphingomonadales	Sphingomonadaceae	Novosphingobium	NA	99.59	1.37
blastp	RiPP	MAG_1576_52_25	MAG_1576_52	TraU family protein [Blastomonas sp. CCH13-E1]	0	97.041	NA	NA	NA	MAG_1576	Bacteria	Proteobacteria	Alphaproteobacteria	Sphingomonadales	Sphingomonadaceae	Novosphingobium	NA	99.59	1.37
blastp	RiPP	MAG_1576_52_25	MAG_1576_52	TraU family protein [Novosphingobium aquimarinum]	0	97.337	NA	NA	NA	MAG_1576	Bacteria	Proteobacteria	Alphaproteobacteria	Sphingomonadales	Sphingomonadaceae	Novosphingobium	NA	99.59	1.37
blastp	RiPP	MAG_1576_52_25	MAG_1576_52	TraU family protein [Sphingomonas sp. AP4-R1]<>TraU family protein [Sphingomonas sp. AP4-R1]	0	97.041	NA	NA	NA	MAG_1576	Bacteria	Proteobacteria	Alphaproteobacteria	Sphingomonadales	Sphingomonadaceae	Novosphingobium	NA	99.59	1.37
blastp	RiPP	MAG_1576_52_25	MAG_1576_52	MAG: conjugal transfer protein [Sphingomonas sp.]	0	97.041	NA	NA	NA	MAG_1576	Bacteria	Proteobacteria	Alphaproteobacteria	Sphingomonadales	Sphingomonadaceae	Novosphingobium	NA	99.59	1.37
blastp	RiPP	MAG_1576_52_25	MAG_1576_52	TraU family protein [Sphingopyxis fribergensis]<>conjugal DNA transfer protein [Sphingopyxis fribergensis]	0	96.746	NA	NA	NA	MAG_1576	Bacteria	Proteobacteria	Alphaproteobacteria	Sphingomonadales	Sphingomonadaceae	Novosphingobium	NA	99.59	1.37
blastp	RiPP	MAG_1576_52_25	MAG_1576_52	TraU family protein [Sphingobium sp. H39-3-25]	0	96.746	NA	NA	NA	MAG_1576	Bacteria	Proteobacteria	Alphaproteobacteria	Sphingomonadales	Sphingomonadaceae	Novosphingobium	NA	99.59	1.37
blastp	RiPP	MAG_1576_52_25	MAG_1576_52	TraU family protein [Sphingomonas haloaromaticamans]<>TraU protein [Sphingomonas haloaromaticamans]	0	97.041	NA	NA	NA	MAG_1576	Bacteria	Proteobacteria	Alphaproteobacteria	Sphingomonadales	Sphingomonadaceae	Novosphingobium	NA	99.59	1.37
blastp	RiPP	MAG_1576_52_25	MAG_1576_52	TraU family protein [Sphingomonas panacis]<>conjugal transfer protein [Sphingomonas panacis]	0	96.154	NA	NA	NA	MAG_1576	Bacteria	Proteobacteria	Alphaproteobacteria	Sphingomonadales	Sphingomonadaceae	Novosphingobium	NA	99.59	1.37
blastp	RiPP	MAG_1576_52_25	MAG_1576_52	MAG: conjugal transfer protein [Novosphingobium sp. SCN 66-18]	0	96.746	NA	NA	NA	MAG_1576	Bacteria	Proteobacteria	Alphaproteobacteria	Sphingomonadales	Sphingomonadaceae	Novosphingobium	NA	99.59	1.37
blastp	RiPP	MAG_1576_52_25	MAG_1576_52	MULTISPECIES: TraU family protein [unclassified Sphingobium]<>conjugal transfer protein [Sphingobium sp. Ant17]<>TraU family protein [Sphingobium sp. PNB]	0	96.154	NA	NA	NA	MAG_1576	Bacteria	Proteobacteria	Alphaproteobacteria	Sphingomonadales	Sphingomonadaceae	Novosphingobium	NA	99.59	1.37
interproscan	RiPP	MAG_1576_52_25	MAG_1576_52	TraU protein	1.8999999999999997e-94	NA	db_anno	Pfam	IPR009649	MAG_1576	Bacteria	Proteobacteria	Alphaproteobacteria	Sphingomonadales	Sphingomonadaceae	Novosphingobium	NA	99.59	1.37
interproscan	RiPP	MAG_1576_52_25	MAG_1576_52	TraU	1.8999999999999997e-94	NA	interpro_anno	Pfam	IPR009649	MAG_1576	Bacteria	Proteobacteria	Alphaproteobacteria	Sphingomonadales	Sphingomonadaceae	Novosphingobium	NA	99.59	1.37
kofamscan	RiPP	MAG_1576_52_25	MAG_1576_52	conjugal transfer pilus assembly protein TraU	1.3999999999999995e-153	NA	NA	NA	NA	MAG_1576	Bacteria	Proteobacteria	Alphaproteobacteria	Sphingomonadales	Sphingomonadaceae	Novosphingobium	NA	99.59	1.37
dram	RiPP	MAG_1576_52_26	MAG_1576_52	conjugal transfer pilus assembly protein TraW	NA	NA	kegg_hit	NA	NA	MAG_1576	Bacteria	Proteobacteria	Alphaproteobacteria	Sphingomonadales	Sphingomonadaceae	Novosphingobium	NA	99.59	1.37
blastp	RiPP	MAG_1576_52_27	MAG_1576_52	MULTISPECIES: conjugal transfer protein TraN [Sphingomonadaceae]<>MAG: conjugal transfer protein TraN [Sphingomonas sp. 67-41]<>conjugal transfer protein TraN [Novosphingobium sp. LASN5T]<>Conjugal transfer protein TraN [Sphingomonas sp. EC-HK361]<>conjugal transfer protein TraN [Sphingobium sp.]	0	100	NA	NA	NA	MAG_1576	Bacteria	Proteobacteria	Alphaproteobacteria	Sphingomonadales	Sphingomonadaceae	Novosphingobium	NA	99.59	1.37
blastp	RiPP	MAG_1576_52_27	MAG_1576_52	conjugal transfer mating pair stabilization protein TraN [Novosphingobium sp. BK256]<>conjugal transfer mating pair stabilization protein TraN [Novosphingobium sp. BK280]<>conjugal transfer mating pair stabilization protein TraN [Novosphingobium sp. BK258]<>conjugal transfer mating pair stabilization protein TraN [Novosphingobium sp. BK267]<>conjugal transfer mating pair stabilization protein TraN [Novosphingobium sp. BK352]<>conjugal transfer mating pair stabilization protein TraN [Novosphingobium sp. BK369]<>conjugal transfer mating pair stabilization protein TraN [Novosphingobium sp. BK336]<>conjugal transfer mating pair stabilization protein TraN [Novosphingobium sp. BK486]<>conjugal transfer mating pair stabilization protein TraN [Novosphingobium sp. BK349]<>conjugal transfer mating pair stabilization protein TraN [Novosphingobium sp. BK540]<>conjugal transfer mating pair stabilization protein TraN [Novosphingobium sp. BK592]<>conjugal transfer mating pair stabilization protein TraN [Novosphingobium sp. BK626]<>conjugal transfer mating pair stabilization protein TraN [Novosphingobium sp. SG754]	0	91.444	NA	NA	NA	MAG_1576	Bacteria	Proteobacteria	Alphaproteobacteria	Sphingomonadales	Sphingomonadaceae	Novosphingobium	NA	99.59	1.37
blastp	RiPP	MAG_1576_52_27	MAG_1576_52	conjugal transfer protein TraN [Sphingobium sp. H39-3-25]	0	91.87	NA	NA	NA	MAG_1576	Bacteria	Proteobacteria	Alphaproteobacteria	Sphingomonadales	Sphingomonadaceae	Novosphingobium	NA	99.59	1.37
blastp	RiPP	MAG_1576_52_27	MAG_1576_52	conjugal transfer protein TraN [Blastomonas sp. CCH13-E1]	0	91.599	NA	NA	NA	MAG_1576	Bacteria	Proteobacteria	Alphaproteobacteria	Sphingomonadales	Sphingomonadaceae	Novosphingobium	NA	99.59	1.37
blastp	RiPP	MAG_1576_52_27	MAG_1576_52	conjugal transfer protein TraN [Sphingomonas panacis]<>conjugal transfer protein TraN [Sphingomonas panacis]	0	91.176	NA	NA	NA	MAG_1576	Bacteria	Proteobacteria	Alphaproteobacteria	Sphingomonadales	Sphingomonadaceae	Novosphingobium	NA	99.59	1.37
blastp	RiPP	MAG_1576_52_27	MAG_1576_52	conjugal transfer protein TraN [Altererythrobacter sp. B11]<>conjugal transfer protein TraN [Altererythrobacter sp. B11]	0	90.107	NA	NA	NA	MAG_1576	Bacteria	Proteobacteria	Alphaproteobacteria	Sphingomonadales	Sphingomonadaceae	Novosphingobium	NA	99.59	1.37
blastp	RiPP	MAG_1576_52_27	MAG_1576_52	MULTISPECIES: conjugal transfer protein TraN [unclassified Sphingobium]<>conjugal transfer protein TraN [Sphingobium sp.]	0	88.77	NA	NA	NA	MAG_1576	Bacteria	Proteobacteria	Alphaproteobacteria	Sphingomonadales	Sphingomonadaceae	Novosphingobium	NA	99.59	1.37
blastp	RiPP	MAG_1576_52_27	MAG_1576_52	MULTISPECIES: conjugal transfer protein TraN [Sphingomonadaceae]<>conjugal transfer protein TraN [Sphingobium sp. GW456-12-10-14-TSB1]<>conjugal transfer protein TraN [Novosphingobium sp. EMRT-2]	0	89.037	NA	NA	NA	MAG_1576	Bacteria	Proteobacteria	Alphaproteobacteria	Sphingomonadales	Sphingomonadaceae	Novosphingobium	NA	99.59	1.37
blastp	RiPP	MAG_1576_52_27	MAG_1576_52	conjugal transfer protein TraN [Novosphingobium sp. LASN5T]	0	89.572	NA	NA	NA	MAG_1576	Bacteria	Proteobacteria	Alphaproteobacteria	Sphingomonadales	Sphingomonadaceae	Novosphingobium	NA	99.59	1.37
blastp	RiPP	MAG_1576_52_27	MAG_1576_52	conjugal transfer protein TraN [Sphingobium estronivorans]	0	89.305	NA	NA	NA	MAG_1576	Bacteria	Proteobacteria	Alphaproteobacteria	Sphingomonadales	Sphingomonadaceae	Novosphingobium	NA	99.59	1.37
blastp	RiPP	MAG_1576_52_27	MAG_1576_52	MAG: conjugal transfer protein TraN [Novosphingobium sp. SCN 66-18]	0	89.305	NA	NA	NA	MAG_1576	Bacteria	Proteobacteria	Alphaproteobacteria	Sphingomonadales	Sphingomonadaceae	Novosphingobium	NA	99.59	1.37
blastp	RiPP	MAG_1576_52_27	MAG_1576_52	conjugal transfer protein TraN [Sphingobium sp. TCM1]<>conjugal transfer protein TraN [Sphingobium sp. TCM1]	0	88.235	NA	NA	NA	MAG_1576	Bacteria	Proteobacteria	Alphaproteobacteria	Sphingomonadales	Sphingomonadaceae	Novosphingobium	NA	99.59	1.37
blastp	RiPP	MAG_1576_52_27	MAG_1576_52	conjugal transfer protein TraN [Sphingobium sp.]<>MAG: conjugal transfer protein TraN [Sphingobium sp.]	0	88.235	NA	NA	NA	MAG_1576	Bacteria	Proteobacteria	Alphaproteobacteria	Sphingomonadales	Sphingomonadaceae	Novosphingobium	NA	99.59	1.37
blastp	RiPP	MAG_1576_52_27	MAG_1576_52	conjugal transfer protein TraN [Sphingopyxis indica]<>conjugal transfer protein TraN [Sphingopyxis indica]	0	89.305	NA	NA	NA	MAG_1576	Bacteria	Proteobacteria	Alphaproteobacteria	Sphingomonadales	Sphingomonadaceae	Novosphingobium	NA	99.59	1.37
blastp	RiPP	MAG_1576_52_27	MAG_1576_52	conjugal transfer protein TraN [Sphingobium sp. DC-2]	0	88.77	NA	NA	NA	MAG_1576	Bacteria	Proteobacteria	Alphaproteobacteria	Sphingomonadales	Sphingomonadaceae	Novosphingobium	NA	99.59	1.37
blastp	RiPP	MAG_1576_52_27	MAG_1576_52	conjugal transfer protein TraN [Sphingomonas sp. BE270]<>conjugal transfer mating pair stabilization protein TraN [Sphingomonas sp. BE270]	0	88.77	NA	NA	NA	MAG_1576	Bacteria	Proteobacteria	Alphaproteobacteria	Sphingomonadales	Sphingomonadaceae	Novosphingobium	NA	99.59	1.37
blastp	RiPP	MAG_1576_52_27	MAG_1576_52	conjugal transfer protein TraN [Sphingomonas sp. MM-1]<>mating pair stabilization protein TraN [Sphingomonas sp. MM-1]	0	89.037	NA	NA	NA	MAG_1576	Bacteria	Proteobacteria	Alphaproteobacteria	Sphingomonadales	Sphingomonadaceae	Novosphingobium	NA	99.59	1.37
blastp	RiPP	MAG_1576_52_27	MAG_1576_52	conjugal transfer protein TraN [Sphingobium yanoikuyae]<>conjugal transfer protein TraN [Sphingobium yanoikuyae]	0	89.037	NA	NA	NA	MAG_1576	Bacteria	Proteobacteria	Alphaproteobacteria	Sphingomonadales	Sphingomonadaceae	Novosphingobium	NA	99.59	1.37
blastp	RiPP	MAG_1576_52_27	MAG_1576_52	conjugal transfer protein TraN [Sphingomonas sp. AP4-R1]<>conjugal transfer protein TraN [Sphingomonas sp. AP4-R1]	0	89.037	NA	NA	NA	MAG_1576	Bacteria	Proteobacteria	Alphaproteobacteria	Sphingomonadales	Sphingomonadaceae	Novosphingobium	NA	99.59	1.37
blastp	RiPP	MAG_1576_52_27	MAG_1576_52	conjugal transfer protein TraN [Sphingobium yanoikuyae]<>conjugal transfer protein TraN [Sphingobium yanoikuyae]	0	88.503	NA	NA	NA	MAG_1576	Bacteria	Proteobacteria	Alphaproteobacteria	Sphingomonadales	Sphingomonadaceae	Novosphingobium	NA	99.59	1.37
interproscan	RiPP	MAG_1576_52_27	MAG_1576_52	Type-1V conjugative transfer system mating pair stabilisation	7.5e-25	NA	db_anno	Pfam	IPR014121	MAG_1576	Bacteria	Proteobacteria	Alphaproteobacteria	Sphingomonadales	Sphingomonadaceae	Novosphingobium	NA	99.59	1.37
interproscan	RiPP	MAG_1576_52_27	MAG_1576_52	Type-F conjugative transfer system mating-pair stabilisation protein TraN	7.5e-25	NA	interpro_anno	Pfam	IPR014121	MAG_1576	Bacteria	Proteobacteria	Alphaproteobacteria	Sphingomonadales	Sphingomonadaceae	Novosphingobium	NA	99.59	1.37
kofamscan	RiPP	MAG_1576_52_27	MAG_1576_52	conjugal transfer mating pair stabilization protein TraN	2.3999999999999998e-79	NA	NA	NA	NA	MAG_1576	Bacteria	Proteobacteria	Alphaproteobacteria	Sphingomonadales	Sphingomonadaceae	Novosphingobium	NA	99.59	1.37
dram	RiPP	MAG_1576_52_27	MAG_1576_52	conjugal transfer pilus assembly protein TraU	NA	NA	kegg_hit	NA	NA	MAG_1576	Bacteria	Proteobacteria	Alphaproteobacteria	Sphingomonadales	Sphingomonadaceae	Novosphingobium	NA	99.59	1.37
dram	RiPP	MAG_1576_52_27	MAG_1576_52	TraU protein [PF06834.14]	NA	NA	pfam_hits	NA	NA	MAG_1576	Bacteria	Proteobacteria	Alphaproteobacteria	Sphingomonadales	Sphingomonadaceae	Novosphingobium	NA	99.59	1.37
blastp	RiPP	MAG_1576_52_28	MAG_1576_52	Conjugal transfer protein TrbC (fragment) [Sphingomonas sp. EC-HK361]	2.46e-141	100	NA	NA	NA	MAG_1576	Bacteria	Proteobacteria	Alphaproteobacteria	Sphingomonadales	Sphingomonadaceae	Novosphingobium	NA	99.59	1.37
interproscan	RiPP	MAG_1576_52_28	MAG_1576_52	Type-F conjugative transfer system pilin assembly protein	1.5000000000000001e-30	NA	db_anno	Pfam	IPR019106	MAG_1576	Bacteria	Proteobacteria	Alphaproteobacteria	Sphingomonadales	Sphingomonadaceae	Novosphingobium	NA	99.59	1.37
interproscan	RiPP	MAG_1576_52_28	MAG_1576_52	Type-F conjugative transfer system pilin assembly protein TrbC	1.5000000000000001e-30	NA	interpro_anno	Pfam	IPR019106	MAG_1576	Bacteria	Proteobacteria	Alphaproteobacteria	Sphingomonadales	Sphingomonadaceae	Novosphingobium	NA	99.59	1.37
kofamscan	RiPP	MAG_1576_52_28	MAG_1576_52	conjugal transfer pilus assembly protein TrbC	4.3999999999999994e-33	NA	NA	NA	NA	MAG_1576	Bacteria	Proteobacteria	Alphaproteobacteria	Sphingomonadales	Sphingomonadaceae	Novosphingobium	NA	99.59	1.37
kofamscan	RiPP	MAG_1576_52_29	MAG_1576_52	conjugal transfer pilin signal peptidase TrbI	2.6e-40	NA	NA	NA	NA	MAG_1576	Bacteria	Proteobacteria	Alphaproteobacteria	Sphingomonadales	Sphingomonadaceae	Novosphingobium	NA	99.59	1.37
dram	RiPP	MAG_1576_52_29	MAG_1576_52	conjugal transfer mating pair stabilization protein TraN	NA	NA	kegg_hit	NA	NA	MAG_1576	Bacteria	Proteobacteria	Alphaproteobacteria	Sphingomonadales	Sphingomonadaceae	Novosphingobium	NA	99.59	1.37
dram	RiPP	MAG_1576_52_29	MAG_1576_52	Type-1V conjugative transfer system mating pair stabilisation [PF06986.14]	NA	NA	pfam_hits	NA	NA	MAG_1576	Bacteria	Proteobacteria	Alphaproteobacteria	Sphingomonadales	Sphingomonadaceae	Novosphingobium	NA	99.59	1.37
kofamscan	RiPP	MAG_1576_52_30	MAG_1576_52	conjugal transfer pilus assembly protein TraF	1.0999999999999999e-58	NA	NA	NA	NA	MAG_1576	Bacteria	Proteobacteria	Alphaproteobacteria	Sphingomonadales	Sphingomonadaceae	Novosphingobium	NA	99.59	1.37
dram	RiPP	MAG_1576_52_30	MAG_1576_52	conjugal transfer pilus assembly protein TrbC	NA	NA	kegg_hit	NA	NA	MAG_1576	Bacteria	Proteobacteria	Alphaproteobacteria	Sphingomonadales	Sphingomonadaceae	Novosphingobium	NA	99.59	1.37
dram	RiPP	MAG_1576_52_30	MAG_1576_52	Type-F conjugative transfer system pilin assembly protein [PF09673.13]	NA	NA	pfam_hits	NA	NA	MAG_1576	Bacteria	Proteobacteria	Alphaproteobacteria	Sphingomonadales	Sphingomonadaceae	Novosphingobium	NA	99.59	1.37
dram	RiPP	MAG_1576_52_31	MAG_1576_52	conjugal transfer pilin signal peptidase TrbI	NA	NA	kegg_hit	NA	NA	MAG_1576	Bacteria	Proteobacteria	Alphaproteobacteria	Sphingomonadales	Sphingomonadaceae	Novosphingobium	NA	99.59	1.37
blastp	RiPP	MAG_1576_52_32	MAG_1576_52	MULTISPECIES: conjugal transfer protein TraH [Sphingomonadaceae]<>MAG: conjugal transfer protein TraH [Sphingomonas sp. 67-41]<>conjugal transfer protein TraH [Novosphingobium sp. LASN5T]<>Conjugal transfer protein TraH [Sphingomonas sp. EC-HK361]<>conjugal transfer protein TraH [Sphingobium sp.]	0	100	NA	NA	NA	MAG_1576	Bacteria	Proteobacteria	Alphaproteobacteria	Sphingomonadales	Sphingomonadaceae	Novosphingobium	NA	99.59	1.37
blastp	RiPP	MAG_1576_52_32	MAG_1576_52	conjugal transfer protein TraH [Novosphingobium aquimarinum]	0	97.679	NA	NA	NA	MAG_1576	Bacteria	Proteobacteria	Alphaproteobacteria	Sphingomonadales	Sphingomonadaceae	Novosphingobium	NA	99.59	1.37
blastp	RiPP	MAG_1576_52_32	MAG_1576_52	conjugal transfer protein TraH [Sphingomonas haloaromaticamans]<>Conjugative relaxosome accessory transposon protein [Sphingomonas haloaromaticamans]	0	96.835	NA	NA	NA	MAG_1576	Bacteria	Proteobacteria	Alphaproteobacteria	Sphingomonadales	Sphingomonadaceae	Novosphingobium	NA	99.59	1.37
blastp	RiPP	MAG_1576_52_32	MAG_1576_52	conjugal transfer protein TraH [Sphingomonas melonis]<>conjugal transfer protein TraH [Sphingobium sp.]	0	96.624	NA	NA	NA	MAG_1576	Bacteria	Proteobacteria	Alphaproteobacteria	Sphingomonadales	Sphingomonadaceae	Novosphingobium	NA	99.59	1.37
blastp	RiPP	MAG_1576_52_32	MAG_1576_52	conjugal transfer protein TraH [Sphingomonas sp. H39-1-10]<>conjugal transfer protein TraH [Sphingomonas sp. H39-1-10]	0	96.203	NA	NA	NA	MAG_1576	Bacteria	Proteobacteria	Alphaproteobacteria	Sphingomonadales	Sphingomonadaceae	Novosphingobium	NA	99.59	1.37
blastp	RiPP	MAG_1576_52_32	MAG_1576_52	conjugal transfer protein TraH [Altererythrobacter sp. B11]<>conjugal transfer protein TraH [Altererythrobacter sp. B11]	0	96.414	NA	NA	NA	MAG_1576	Bacteria	Proteobacteria	Alphaproteobacteria	Sphingomonadales	Sphingomonadaceae	Novosphingobium	NA	99.59	1.37
blastp	RiPP	MAG_1576_52_32	MAG_1576_52	conjugal transfer protein TraH [Blastomonas sp. CCH13-E1]	0	96.203	NA	NA	NA	MAG_1576	Bacteria	Proteobacteria	Alphaproteobacteria	Sphingomonadales	Sphingomonadaceae	Novosphingobium	NA	99.59	1.37
blastp	RiPP	MAG_1576_52_32	MAG_1576_52	conjugal transfer protein TraH [Sphingobium sp. H39-3-25]	0	96.203	NA	NA	NA	MAG_1576	Bacteria	Proteobacteria	Alphaproteobacteria	Sphingomonadales	Sphingomonadaceae	Novosphingobium	NA	99.59	1.37
blastp	RiPP	MAG_1576_52_32	MAG_1576_52	conjugal transfer protein TraH [Sphingopyxis fribergensis]<>sex pilus assembly protein TraH [Sphingopyxis fribergensis]	0	96.203	NA	NA	NA	MAG_1576	Bacteria	Proteobacteria	Alphaproteobacteria	Sphingomonadales	Sphingomonadaceae	Novosphingobium	NA	99.59	1.37
blastp	RiPP	MAG_1576_52_32	MAG_1576_52	conjugal transfer protein TraH [Sphingomonas sanxanigenens]<>conjugal transfer protein TraH [Sphingomonas sanxanigenens DSM 19645 = NX02]	0	95.992	NA	NA	NA	MAG_1576	Bacteria	Proteobacteria	Alphaproteobacteria	Sphingomonadales	Sphingomonadaceae	Novosphingobium	NA	99.59	1.37
blastp	RiPP	MAG_1576_52_32	MAG_1576_52	conjugal transfer protein TraH [Sphingomonas panacis]<>conjugal transfer protein TraH [Sphingomonas panacis]	0	96.624	NA	NA	NA	MAG_1576	Bacteria	Proteobacteria	Alphaproteobacteria	Sphingomonadales	Sphingomonadaceae	Novosphingobium	NA	99.59	1.37
blastp	RiPP	MAG_1576_52_32	MAG_1576_52	conjugal transfer protein TraH [Sphingobium yanoikuyae]<>conjugal transfer protein TraH [Sphingobium yanoikuyae]	0	97.015	NA	NA	NA	MAG_1576	Bacteria	Proteobacteria	Alphaproteobacteria	Sphingomonadales	Sphingomonadaceae	Novosphingobium	NA	99.59	1.37
blastp	RiPP	MAG_1576_52_32	MAG_1576_52	conjugal transfer protein TraH [Sphingomonas sp. AP4-R1]<>conjugal transfer protein TraH [Sphingomonas sp. AP4-R1]	0	96.203	NA	NA	NA	MAG_1576	Bacteria	Proteobacteria	Alphaproteobacteria	Sphingomonadales	Sphingomonadaceae	Novosphingobium	NA	99.59	1.37
blastp	RiPP	MAG_1576_52_32	MAG_1576_52	conjugal transfer protein TraH [Sphingomonas sp.]<>MAG: conjugal transfer protein TraH [Sphingomonas sp.]	0	96.203	NA	NA	NA	MAG_1576	Bacteria	Proteobacteria	Alphaproteobacteria	Sphingomonadales	Sphingomonadaceae	Novosphingobium	NA	99.59	1.37
blastp	RiPP	MAG_1576_52_32	MAG_1576_52	MULTISPECIES: conjugal transfer protein TraH [unclassified Novosphingobium]<>conjugative transfer pilus assembly protein TraH [Novosphingobium sp. SG919]<>conjugative transfer pilus assembly protein TraH [Novosphingobium sp. SG916]	0	95.781	NA	NA	NA	MAG_1576	Bacteria	Proteobacteria	Alphaproteobacteria	Sphingomonadales	Sphingomonadaceae	Novosphingobium	NA	99.59	1.37
blastp	RiPP	MAG_1576_52_32	MAG_1576_52	conjugal transfer protein TraH [Sphingobium sp. AntQ-1]<>hypothetical protein sphantq_00445 [Sphingobium sp. AntQ-1]	0	95.57	NA	NA	NA	MAG_1576	Bacteria	Proteobacteria	Alphaproteobacteria	Sphingomonadales	Sphingomonadaceae	Novosphingobium	NA	99.59	1.37
blastp	RiPP	MAG_1576_52_32	MAG_1576_52	MULTISPECIES: conjugal transfer protein TraH [Sphingobium]<>conjugal transfer protein TraH [Sphingobium lactosutens DS20]<>conjugal transfer protein TraH [Sphingobium fuliginis ATCC 27551]<>conjugal transfer protein TraH [Sphingobium yanoikuyae]	0	95.992	NA	NA	NA	MAG_1576	Bacteria	Proteobacteria	Alphaproteobacteria	Sphingomonadales	Sphingomonadaceae	Novosphingobium	NA	99.59	1.37
blastp	RiPP	MAG_1576_52_32	MAG_1576_52	conjugal transfer protein TraH [Sphingobium sp. CCH11-B1]	0	96.802	NA	NA	NA	MAG_1576	Bacteria	Proteobacteria	Alphaproteobacteria	Sphingomonadales	Sphingomonadaceae	Novosphingobium	NA	99.59	1.37
blastp	RiPP	MAG_1576_52_32	MAG_1576_52	conjugal transfer protein TraH [Novosphingobium sp. LASN5T]<>conjugal transfer protein TraH [Novosphingobium sp. LASN5T]	0	95.992	NA	NA	NA	MAG_1576	Bacteria	Proteobacteria	Alphaproteobacteria	Sphingomonadales	Sphingomonadaceae	Novosphingobium	NA	99.59	1.37
blastp	RiPP	MAG_1576_52_32	MAG_1576_52	MAG: conjugal transfer protein TraH [Novosphingobium sp. SCN 66-18]	0	95.992	NA	NA	NA	MAG_1576	Bacteria	Proteobacteria	Alphaproteobacteria	Sphingomonadales	Sphingomonadaceae	Novosphingobium	NA	99.59	1.37
interproscan	RiPP	MAG_1576_52_32	MAG_1576_52	Conjugative relaxosome accessory transposon protein	3.999999999999999e-84	NA	db_anno	Pfam	IPR010927	MAG_1576	Bacteria	Proteobacteria	Alphaproteobacteria	Sphingomonadales	Sphingomonadaceae	Novosphingobium	NA	99.59	1.37
interproscan	RiPP	MAG_1576_52_32	MAG_1576_52	Type IV conjugative transfer system protein TraH	3.999999999999999e-84	NA	interpro_anno	Pfam	IPR010927	MAG_1576	Bacteria	Proteobacteria	Alphaproteobacteria	Sphingomonadales	Sphingomonadaceae	Novosphingobium	NA	99.59	1.37
kofamscan	RiPP	MAG_1576_52_32	MAG_1576_52	conjugative transfer pilus assembly protein TraH	1.7999999999999996e-109	NA	NA	NA	NA	MAG_1576	Bacteria	Proteobacteria	Alphaproteobacteria	Sphingomonadales	Sphingomonadaceae	Novosphingobium	NA	99.59	1.37
dram	RiPP	MAG_1576_52_32	MAG_1576_52	conjugal transfer pilus assembly protein TraF	NA	NA	kegg_hit	NA	NA	MAG_1576	Bacteria	Proteobacteria	Alphaproteobacteria	Sphingomonadales	Sphingomonadaceae	Novosphingobium	NA	99.59	1.37
blastp	RiPP	MAG_1576_52_33	MAG_1576_52	MULTISPECIES: conjugal transfer protein TraG N-terminal domain-containing protein [Sphingomonadaceae]<>MAG: conjugal transfer protein TraG [Sphingomonas sp. 67-41]<>conjugal transfer protein TraG [Novosphingobium sp. LASN5T]<>Conjugal transfer protein TraG [Sphingomonas sp. EC-HK361]<>conjugal transfer protein TraG [Sphingobium sp.]	0	100	NA	NA	NA	MAG_1576	Bacteria	Proteobacteria	Alphaproteobacteria	Sphingomonadales	Sphingomonadaceae	Novosphingobium	NA	99.59	1.37
blastp	RiPP	MAG_1576_52_33	MAG_1576_52	conjugal transfer protein TraG N-terminal domain-containing protein [Sphingomonas melonis]<>conjugal transfer protein TraG [Sphingobium sp.]	0	94.179	NA	NA	NA	MAG_1576	Bacteria	Proteobacteria	Alphaproteobacteria	Sphingomonadales	Sphingomonadaceae	Novosphingobium	NA	99.59	1.37
blastp	RiPP	MAG_1576_52_33	MAG_1576_52	conjugal transfer protein TraG N-terminal domain-containing protein [Blastomonas sp. CCH13-E1]	0	93.86	NA	NA	NA	MAG_1576	Bacteria	Proteobacteria	Alphaproteobacteria	Sphingomonadales	Sphingomonadaceae	Novosphingobium	NA	99.59	1.37
blastp	RiPP	MAG_1576_52_33	MAG_1576_52	conjugal transfer protein TraG N-terminal domain-containing protein [Sphingobium sp. H39-3-25]	0	93.939	NA	NA	NA	MAG_1576	Bacteria	Proteobacteria	Alphaproteobacteria	Sphingomonadales	Sphingomonadaceae	Novosphingobium	NA	99.59	1.37
blastp	RiPP	MAG_1576_52_33	MAG_1576_52	conjugal transfer protein TraG N-terminal domain-containing protein [Sphingomonas sp. H39-1-10]<>conjugal transfer protein TraG N-terminal domain-containing protein [Sphingomonas sp. H39-1-10]	0	93.062	NA	NA	NA	MAG_1576	Bacteria	Proteobacteria	Alphaproteobacteria	Sphingomonadales	Sphingomonadaceae	Novosphingobium	NA	99.59	1.37
blastp	RiPP	MAG_1576_52_33	MAG_1576_52	conjugal transfer protein TraG N-terminal domain-containing protein [Novosphingobium sp. CF614]<>conjugal transfer mating pair stabilization protein TraG [Novosphingobium sp. CF614]	0	93.301	NA	NA	NA	MAG_1576	Bacteria	Proteobacteria	Alphaproteobacteria	Sphingomonadales	Sphingomonadaceae	Novosphingobium	NA	99.59	1.37
blastp	RiPP	MAG_1576_52_33	MAG_1576_52	conjugal transfer protein TraG N-terminal domain-containing protein [Novosphingobium aquimarinum]	0	90.7	NA	NA	NA	MAG_1576	Bacteria	Proteobacteria	Alphaproteobacteria	Sphingomonadales	Sphingomonadaceae	Novosphingobium	NA	99.59	1.37
blastp	RiPP	MAG_1576_52_33	MAG_1576_52	conjugal transfer protein TraG N-terminal domain-containing protein [Sphingobium sp. DC-2]	0	90.294	NA	NA	NA	MAG_1576	Bacteria	Proteobacteria	Alphaproteobacteria	Sphingomonadales	Sphingomonadaceae	Novosphingobium	NA	99.59	1.37
blastp	RiPP	MAG_1576_52_33	MAG_1576_52	conjugal transfer protein TraG N-terminal domain-containing protein [Altererythrobacter sp. B11]<>DNA transfer protein [Altererythrobacter sp. B11]	0	91.076	NA	NA	NA	MAG_1576	Bacteria	Proteobacteria	Alphaproteobacteria	Sphingomonadales	Sphingomonadaceae	Novosphingobium	NA	99.59	1.37
blastp	RiPP	MAG_1576_52_33	MAG_1576_52	MULTISPECIES: conjugal transfer protein TraG N-terminal domain-containing protein [Sphingobium]<>DNA transfer protein [Sphingobium lactosutens DS20]<>conjugal transfer protein TraG [Sphingobium yanoikuyae]	0	90.707	NA	NA	NA	MAG_1576	Bacteria	Proteobacteria	Alphaproteobacteria	Sphingomonadales	Sphingomonadaceae	Novosphingobium	NA	99.59	1.37
blastp	RiPP	MAG_1576_52_33	MAG_1576_52	MULTISPECIES: conjugal transfer protein TraG N-terminal domain-containing protein [unclassified Novosphingobium]<>conjugal transfer mating pair stabilization protein TraG [Novosphingobium sp. SG919]<>conjugal transfer mating pair stabilization protein TraG [Novosphingobium sp. SG916]	0	90.199	NA	NA	NA	MAG_1576	Bacteria	Proteobacteria	Alphaproteobacteria	Sphingomonadales	Sphingomonadaceae	Novosphingobium	NA	99.59	1.37
blastp	RiPP	MAG_1576_52_33	MAG_1576_52	MULTISPECIES: conjugal transfer protein TraG N-terminal domain-containing protein [Sphingobium]<>conjugal transfer protein TraG [Sphingobium fuliginis ATCC 27551]<>conjugal transfer protein TraG N-terminal domain-containing protein [Sphingobium yanoikuyae]	0	91.873	NA	NA	NA	MAG_1576	Bacteria	Proteobacteria	Alphaproteobacteria	Sphingomonadales	Sphingomonadaceae	Novosphingobium	NA	99.59	1.37
blastp	RiPP	MAG_1576_52_33	MAG_1576_52	conjugal transfer protein TraG N-terminal domain-containing protein [Sphingobium sp. CCH11-B1]	0	91.09	NA	NA	NA	MAG_1576	Bacteria	Proteobacteria	Alphaproteobacteria	Sphingomonadales	Sphingomonadaceae	Novosphingobium	NA	99.59	1.37
blastp	RiPP	MAG_1576_52_33	MAG_1576_52	conjugal transfer protein TraG N-terminal domain-containing protein [Novosphingobium sp. LASN5T]<>conjugal transfer protein TraG [Novosphingobium sp. LASN5T]	0	90.677	NA	NA	NA	MAG_1576	Bacteria	Proteobacteria	Alphaproteobacteria	Sphingomonadales	Sphingomonadaceae	Novosphingobium	NA	99.59	1.37
blastp	RiPP	MAG_1576_52_33	MAG_1576_52	conjugal transfer protein TraG N-terminal domain-containing protein [Sphingomonas sp. BE270]<>conjugal transfer mating pair stabilization protein TraG [Sphingomonas sp. BE270]	0	90.931	NA	NA	NA	MAG_1576	Bacteria	Proteobacteria	Alphaproteobacteria	Sphingomonadales	Sphingomonadaceae	Novosphingobium	NA	99.59	1.37
blastp	RiPP	MAG_1576_52_33	MAG_1576_52	conjugal transfer protein TraG N-terminal domain-containing protein [Sphingomonas panacis]<>DNA transfer protein [Sphingomonas panacis]	0	89.847	NA	NA	NA	MAG_1576	Bacteria	Proteobacteria	Alphaproteobacteria	Sphingomonadales	Sphingomonadaceae	Novosphingobium	NA	99.59	1.37
blastp	RiPP	MAG_1576_52_33	MAG_1576_52	conjugal transfer protein TraG N-terminal domain-containing protein [Sphingomonas sp.]<>MAG: conjugal transfer protein TraG [Sphingomonas sp.]	0	92.326	NA	NA	NA	MAG_1576	Bacteria	Proteobacteria	Alphaproteobacteria	Sphingomonadales	Sphingomonadaceae	Novosphingobium	NA	99.59	1.37
blastp	RiPP	MAG_1576_52_33	MAG_1576_52	conjugal transfer protein TraG N-terminal domain-containing protein [Sphingomonas sp. MM-1]<>DNA transfer and F pilus assembly protein TraG [Sphingomonas sp. MM-1]	0	91.761	NA	NA	NA	MAG_1576	Bacteria	Proteobacteria	Alphaproteobacteria	Sphingomonadales	Sphingomonadaceae	Novosphingobium	NA	99.59	1.37
blastp	RiPP	MAG_1576_52_33	MAG_1576_52	conjugal transfer protein TraG N-terminal domain-containing protein [Sphingopyxis fribergensis]<>TraG-like protein [Sphingopyxis fribergensis]	0	90.829	NA	NA	NA	MAG_1576	Bacteria	Proteobacteria	Alphaproteobacteria	Sphingomonadales	Sphingomonadaceae	Novosphingobium	NA	99.59	1.37
interproscan	RiPP	MAG_1576_52_33	MAG_1576_52	TraG-like protein, N-terminal region	9.6e-50	NA	db_anno	Pfam	IPR012931	MAG_1576	Bacteria	Proteobacteria	Alphaproteobacteria	Sphingomonadales	Sphingomonadaceae	Novosphingobium	NA	99.59	1.37
interproscan	RiPP	MAG_1576_52_33	MAG_1576_52	TraG, N-terminal, Proteobacteria	9.6e-50	NA	interpro_anno	Pfam	IPR012931	MAG_1576	Bacteria	Proteobacteria	Alphaproteobacteria	Sphingomonadales	Sphingomonadaceae	Novosphingobium	NA	99.59	1.37
kofamscan	RiPP	MAG_1576_52_33	MAG_1576_52	conjugal transfer mating pair stabilization protein TraG	3.199999999999999e-105	NA	NA	NA	NA	MAG_1576	Bacteria	Proteobacteria	Alphaproteobacteria	Sphingomonadales	Sphingomonadaceae	Novosphingobium	NA	99.59	1.37
dram	RiPP	MAG_1576_52_34	MAG_1576_52	conjugative transfer pilus assembly protein TraH	NA	NA	kegg_hit	NA	NA	MAG_1576	Bacteria	Proteobacteria	Alphaproteobacteria	Sphingomonadales	Sphingomonadaceae	Novosphingobium	NA	99.59	1.37
dram	RiPP	MAG_1576_52_34	MAG_1576_52	Conjugative relaxosome accessory transposon protein [PF06122.14]	NA	NA	pfam_hits	NA	NA	MAG_1576	Bacteria	Proteobacteria	Alphaproteobacteria	Sphingomonadales	Sphingomonadaceae	Novosphingobium	NA	99.59	1.37
dram	RiPP	MAG_1576_52_35	MAG_1576_52	conjugal transfer mating pair stabilization protein TraG	NA	NA	kegg_hit	NA	NA	MAG_1576	Bacteria	Proteobacteria	Alphaproteobacteria	Sphingomonadales	Sphingomonadaceae	Novosphingobium	NA	99.59	1.37
dram	RiPP	MAG_1576_52_35	MAG_1576_52	TraG-like protein, N-terminal region [PF07916.14]	NA	NA	pfam_hits	NA	NA	MAG_1576	Bacteria	Proteobacteria	Alphaproteobacteria	Sphingomonadales	Sphingomonadaceae	Novosphingobium	NA	99.59	1.37
blastp	RiPP	MAG_18_14_15	MAG_18_14	MAG: recombinase RecA [Candidatus Syntrophoarchaeum caldarius]	1.58e-149	88.21	NA	NA	NA	MAG_18	Archaea	Halobacterota	Syntrophoarchaeia	Syntrophoarchaeales	Syntrophoarchaeaceae	Syntrophoarchaeum	NA	96.73	0.33
dram	NRPS	MAG_770_69_3	MAG_770_69	REP-associated tyrosine transposase	NA	NA	kegg_hit	NA	NA	MAG_770	Bacteria	Myxococcota	Bradimonadia	UBA7976	UBA1532	NA	NA	83.87	4.52
dram	NRPS	MAG_770_69_3	MAG_770_69	Transposase IS200 like [PF01797.19]	NA	NA	pfam_hits	NA	NA	MAG_770	Bacteria	Myxococcota	Bradimonadia	UBA7976	UBA1532	NA	NA	83.87	4.52
blastp	NRPS	MAG_770_69_9	MAG_770_69	Flp pilus assembly complex ATPase component TadA [Myxococcota bacterium]	0	62.982	NA	NA	NA	MAG_770	Bacteria	Myxococcota	Bradimonadia	UBA7976	UBA1532	NA	NA	83.87	4.52
blastp	NRPS	MAG_770_69_9	MAG_770_69	Flp pilus assembly complex ATPase component TadA [Myxococcota bacterium]	0	62.814	NA	NA	NA	MAG_770	Bacteria	Myxococcota	Bradimonadia	UBA7976	UBA1532	NA	NA	83.87	4.52
blastp	NRPS	MAG_770_69_9	MAG_770_69	Flp pilus assembly complex ATPase component TadA [Myxococcota bacterium]	0	62.982	NA	NA	NA	MAG_770	Bacteria	Myxococcota	Bradimonadia	UBA7976	UBA1532	NA	NA	83.87	4.52
blastp	NRPS	MAG_770_69_9	MAG_770_69	Flp pilus assembly complex ATPase component TadA [Myxococcota bacterium]	0	60.276	NA	NA	NA	MAG_770	Bacteria	Myxococcota	Bradimonadia	UBA7976	UBA1532	NA	NA	83.87	4.52
blastp	NRPS	MAG_770_69_9	MAG_770_69	Flp pilus assembly complex ATPase component [Oligoflexia bacterium]	0	56.063	NA	NA	NA	MAG_770	Bacteria	Myxococcota	Bradimonadia	UBA7976	UBA1532	NA	NA	83.87	4.52
blastp	NRPS	MAG_770_69_9	MAG_770_69	Flp pilus assembly complex ATPase component TadA [Myxococcales bacterium]	0	56.477	NA	NA	NA	MAG_770	Bacteria	Myxococcota	Bradimonadia	UBA7976	UBA1532	NA	NA	83.87	4.52
blastp	NRPS	MAG_770_69_9	MAG_770_69	Flp pilus assembly complex ATPase component TadA [Myxococcales bacterium]	0	54.152	NA	NA	NA	MAG_770	Bacteria	Myxococcota	Bradimonadia	UBA7976	UBA1532	NA	NA	83.87	4.52
blastp	NRPS	MAG_770_69_9	MAG_770_69	Flp pilus assembly complex ATPase component TadA [Candidatus Latescibacteria bacterium]	0	47.028	NA	NA	NA	MAG_770	Bacteria	Myxococcota	Bradimonadia	UBA7976	UBA1532	NA	NA	83.87	4.52
blastp	NRPS	MAG_770_69_9	MAG_770_69	ATPase, T2SS/T4P/T4SS family [Myxococcales bacterium]	0	48.858	NA	NA	NA	MAG_770	Bacteria	Myxococcota	Bradimonadia	UBA7976	UBA1532	NA	NA	83.87	4.52
